"filename", "language", "CSS", "JavaScript", "Markdown", "SCSS", "JSON", "HTML", "comment", "blank", "total"
"c:\Users\서보형\Desktop\git\pj2\pj2-front\README.md", "Markdown", 0, 0, 29, 0, 0, 0, 0, 10, 39
"c:\Users\서보형\Desktop\git\pj2\pj2-front\memo.md", "Markdown", 0, 0, 236, 0, 0, 0, 0, 51, 287
"c:\Users\서보형\Desktop\git\pj2\pj2-front\package-lock.json", "JSON", 0, 0, 0, 0, 20098, 0, 0, 1, 20099
"c:\Users\서보형\Desktop\git\pj2\pj2-front\package.json", "JSON", 0, 0, 0, 0, 59, 0, 0, 1, 60
"c:\Users\서보형\Desktop\git\pj2\pj2-front\public\index.html", "HTML", 0, 0, 0, 0, 0, 21, 5, 3, 29
"c:\Users\서보형\Desktop\git\pj2\pj2-front\public\manifest.json", "JSON", 0, 0, 0, 0, 25, 0, 0, 1, 26
"c:\Users\서보형\Desktop\git\pj2\pj2-front\public\timer_worker.js", "JavaScript", 0, 18, 0, 0, 0, 0, 2, 9, 29
"c:\Users\서보형\Desktop\git\pj2\pj2-front\rules.md", "Markdown", 0, 0, 39, 0, 0, 0, 0, 12, 51
"c:\Users\서보형\Desktop\git\pj2\pj2-front\src\App.js", "JavaScript", 0, 102, 0, 0, 0, 0, 37, 15, 154
"c:\Users\서보형\Desktop\git\pj2\pj2-front\src\App.scss", "SCSS", 0, 0, 0, 37, 0, 0, 1, 0, 38
"c:\Users\서보형\Desktop\git\pj2\pj2-front\src\App.test.js", "JavaScript", 0, 7, 0, 0, 0, 0, 0, 2, 9
"c:\Users\서보형\Desktop\git\pj2\pj2-front\src\Browser.js", "JavaScript", 0, 12, 0, 0, 0, 0, 0, 2, 14
"c:\Users\서보형\Desktop\git\pj2\pj2-front\src\ScrollTop.js", "JavaScript", 0, 9, 0, 0, 0, 0, 0, 3, 12
"c:\Users\서보형\Desktop\git\pj2\pj2-front\src\context\img_context\config\img_context.js", "JavaScript", 0, 2, 0, 0, 0, 0, 0, 2, 4
"c:\Users\서보형\Desktop\git\pj2\pj2-front\src\context\img_context\context_state_hooks\img_context_states_hook.js", "JavaScript", 0, 14, 0, 0, 0, 0, 3, 3, 20
"c:\Users\서보형\Desktop\git\pj2\pj2-front\src\context\img_context\img_provider\img_provider.js", "JavaScript", 0, 19, 0, 0, 0, 0, 2, 3, 24
"c:\Users\서보형\Desktop\git\pj2\pj2-front\src\firebase\firebase.js", "JavaScript", 0, 37, 0, 0, 0, 0, 3, 4, 44
"c:\Users\서보형\Desktop\git\pj2\pj2-front\src\index.js", "JavaScript", 0, 7, 0, 0, 0, 0, 0, 8, 15
"c:\Users\서보형\Desktop\git\pj2\pj2-front\src\manage_scss_style\commonness\_colors.scss", "SCSS", 0, 0, 0, 40, 0, 0, 11, 5, 56
"c:\Users\서보형\Desktop\git\pj2\pj2-front\src\manage_scss_style\commonness\commonness.scss", "SCSS", 0, 0, 0, 123, 0, 0, 32, 19, 174
"c:\Users\서보형\Desktop\git\pj2\pj2-front\src\manage_scss_style\responsible\material\card.scss", "SCSS", 0, 0, 0, 10, 0, 0, 2, 11, 23
"c:\Users\서보형\Desktop\git\pj2\pj2-front\src\manage_scss_style\responsible\subApp\subApp.scss", "SCSS", 0, 0, 0, 0, 0, 0, 0, 1, 1
"c:\Users\서보형\Desktop\git\pj2\pj2-front\src\manage_scss_style\responsible\subApp\subList.scss", "SCSS", 0, 0, 0, 98, 0, 0, 8, 7, 113
"c:\Users\서보형\Desktop\git\pj2\pj2-front\src\pages\Privacy\private-history\Private-history.css", "CSS", 69, 0, 0, 0, 0, 0, 2, 6, 77
"c:\Users\서보형\Desktop\git\pj2\pj2-front\src\pages\Privacy\private-history\Private-history.js", "JavaScript", 0, 100, 0, 0, 0, 0, 7, 18, 125
"c:\Users\서보형\Desktop\git\pj2\pj2-front\src\pages\Privacy\private-management\Private-management.css", "CSS", 79, 0, 0, 0, 0, 0, 4, 4, 87
"c:\Users\서보형\Desktop\git\pj2\pj2-front\src\pages\Privacy\private-management\Private-management.js", "JavaScript", 0, 82, 0, 0, 0, 0, 5, 13, 100
"c:\Users\서보형\Desktop\git\pj2\pj2-front\src\pages\Privacy\private-message\Private-message.css", "CSS", 29, 0, 0, 0, 0, 0, 0, 0, 29
"c:\Users\서보형\Desktop\git\pj2\pj2-front\src\pages\Privacy\private-message\Private-message.js", "JavaScript", 0, 26, 0, 0, 0, 0, 0, 2, 28
"c:\Users\서보형\Desktop\git\pj2\pj2-front\src\pages\Privacy\private-point\Private-point.css", "CSS", 34, 0, 0, 0, 0, 0, 2, 2, 38
"c:\Users\서보형\Desktop\git\pj2\pj2-front\src\pages\Privacy\private-point\Private-point.js", "JavaScript", 0, 42, 0, 0, 0, 0, 1, 17, 60
"c:\Users\서보형\Desktop\git\pj2\pj2-front\src\pages\Privacy\private-wish\Private-wish.css", "CSS", 31, 0, 0, 0, 0, 0, 2, 3, 36
"c:\Users\서보형\Desktop\git\pj2\pj2-front\src\pages\Privacy\private-wish\Private-wish.js", "JavaScript", 0, 26, 0, 0, 0, 0, 0, 9, 35
"c:\Users\서보형\Desktop\git\pj2\pj2-front\src\pages\acc_regist\acc_initial_app\acc_initial.js", "JavaScript", 0, 111, 0, 0, 0, 0, 5, 9, 125
"c:\Users\서보형\Desktop\git\pj2\pj2-front\src\pages\acc_regist\acc_initial_app\acc_initial.scss", "SCSS", 0, 0, 0, 70, 0, 0, 4, 2, 76
"c:\Users\서보형\Desktop\git\pj2\pj2-front\src\pages\acc_regist\acc_initial_regist_app\acc_initial_regist.js", "JavaScript", 0, 106, 0, 0, 0, 0, 4, 7, 117
"c:\Users\서보형\Desktop\git\pj2\pj2-front\src\pages\acc_regist\acc_initial_regist_app\acc_initial_regist.scss", "SCSS", 0, 0, 0, 127, 0, 0, 7, 7, 141
"c:\Users\서보형\Desktop\git\pj2\pj2-front\src\pages\acc_regist\acc_manage\Acc_manage.css", "CSS", 63, 0, 0, 0, 0, 0, 3, 7, 73
"c:\Users\서보형\Desktop\git\pj2\pj2-front\src\pages\acc_regist\acc_manage\Acc_manage.js", "JavaScript", 0, 63, 0, 0, 0, 0, 2, 7, 72
"c:\Users\서보형\Desktop\git\pj2\pj2-front\src\pages\acc_regist\acc_registApp\Acc_regist.js", "JavaScript", 0, 113, 0, 0, 0, 0, 2, 18, 133
"c:\Users\서보형\Desktop\git\pj2\pj2-front\src\pages\acc_regist\acc_registApp\acc_regist.scss", "SCSS", 0, 0, 0, 94, 0, 0, 4, 6, 104
"c:\Users\서보형\Desktop\git\pj2\pj2-front\src\pages\acc_regist\acc_regist_intro\Acc_regist_intro.css", "CSS", 56, 0, 0, 0, 0, 0, 4, 5, 65
"c:\Users\서보형\Desktop\git\pj2\pj2-front\src\pages\acc_regist\acc_regist_intro\Acc_regist_intro.js", "JavaScript", 0, 48, 0, 0, 0, 0, 2, 11, 61
"c:\Users\서보형\Desktop\git\pj2\pj2-front\src\pages\acc_regist\acc_regist_lv0_app\Acc_regist_lv0.js", "JavaScript", 0, 72, 0, 0, 0, 0, 4, 5, 81
"c:\Users\서보형\Desktop\git\pj2\pj2-front\src\pages\acc_regist\acc_regist_lv0_app\Acc_regist_lv0.scss", "SCSS", 0, 0, 0, 48, 0, 0, 6, 5, 59
"c:\Users\서보형\Desktop\git\pj2\pj2-front\src\pages\acc_regist\acc_regist_lv10_app\Acc_regist_lv10.js", "JavaScript", 0, 169, 0, 0, 0, 0, 15, 13, 197
"c:\Users\서보형\Desktop\git\pj2\pj2-front\src\pages\acc_regist\acc_regist_lv10_app\Acc_regist_lv10.scss", "SCSS", 0, 0, 0, 86, 0, 0, 4, 8, 98
"c:\Users\서보형\Desktop\git\pj2\pj2-front\src\pages\acc_regist\acc_regist_lv11_app\Acc_regist_lv11.js", "JavaScript", 0, 166, 0, 0, 0, 0, 12, 9, 187
"c:\Users\서보형\Desktop\git\pj2\pj2-front\src\pages\acc_regist\acc_regist_lv11_app\Acc_regist_lv11.scss", "SCSS", 0, 0, 0, 75, 0, 0, 2, 4, 81
"c:\Users\서보형\Desktop\git\pj2\pj2-front\src\pages\acc_regist\acc_regist_lv12_app\Acc_regist_lv12.js", "JavaScript", 0, 29, 0, 0, 0, 0, 0, 6, 35
"c:\Users\서보형\Desktop\git\pj2\pj2-front\src\pages\acc_regist\acc_regist_lv12_app\Acc_regist_lv12.scss", "SCSS", 0, 0, 0, 35, 0, 0, 2, 4, 41
"c:\Users\서보형\Desktop\git\pj2\pj2-front\src\pages\acc_regist\acc_regist_lv1_app\Acc_regist_lv1.js", "JavaScript", 0, 69, 0, 0, 0, 0, 10, 7, 86
"c:\Users\서보형\Desktop\git\pj2\pj2-front\src\pages\acc_regist\acc_regist_lv1_app\Acc_regist_lv1.scss", "SCSS", 0, 0, 0, 39, 0, 0, 1, 5, 45
"c:\Users\서보형\Desktop\git\pj2\pj2-front\src\pages\acc_regist\acc_regist_lv2_app\Acc_regist_lv2.js", "JavaScript", 0, 71, 0, 0, 0, 0, 11, 8, 90
"c:\Users\서보형\Desktop\git\pj2\pj2-front\src\pages\acc_regist\acc_regist_lv2_app\Acc_regist_lv2.scss", "SCSS", 0, 0, 0, 37, 0, 0, 0, 3, 40
"c:\Users\서보형\Desktop\git\pj2\pj2-front\src\pages\acc_regist\acc_regist_lv3_app\Acc_regist_lv3.js", "JavaScript", 0, 127, 0, 0, 0, 0, 12, 12, 151
"c:\Users\서보형\Desktop\git\pj2\pj2-front\src\pages\acc_regist\acc_regist_lv3_app\Acc_regist_lv3.scss", "SCSS", 0, 0, 0, 61, 0, 0, 0, 6, 67
"c:\Users\서보형\Desktop\git\pj2\pj2-front\src\pages\acc_regist\acc_regist_lv4_app\Acc_regist_lv4.js", "JavaScript", 0, 88, 0, 0, 0, 0, 12, 7, 107
"c:\Users\서보형\Desktop\git\pj2\pj2-front\src\pages\acc_regist\acc_regist_lv4_app\Acc_regist_lv4.scss", "SCSS", 0, 0, 0, 34, 0, 0, 0, 4, 38
"c:\Users\서보형\Desktop\git\pj2\pj2-front\src\pages\acc_regist\acc_regist_lv5_app\Acc_regist_lv5.js", "JavaScript", 0, 120, 0, 0, 0, 0, 11, 11, 142
"c:\Users\서보형\Desktop\git\pj2\pj2-front\src\pages\acc_regist\acc_regist_lv5_app\Acc_regist_lv5.scss", "SCSS", 0, 0, 0, 86, 0, 0, 2, 9, 97
"c:\Users\서보형\Desktop\git\pj2\pj2-front\src\pages\acc_regist\acc_regist_lv6_app\Acc_regist_lv6.js", "JavaScript", 0, 149, 0, 0, 0, 0, 12, 10, 171
"c:\Users\서보형\Desktop\git\pj2\pj2-front\src\pages\acc_regist\acc_regist_lv6_app\Acc_regist_lv6.scss", "SCSS", 0, 0, 0, 120, 0, 0, 4, 15, 139
"c:\Users\서보형\Desktop\git\pj2\pj2-front\src\pages\acc_regist\acc_regist_lv7_app\Acc_regist_lv7.js", "JavaScript", 0, 88, 0, 0, 0, 0, 12, 7, 107
"c:\Users\서보형\Desktop\git\pj2\pj2-front\src\pages\acc_regist\acc_regist_lv7_app\Acc_regist_lv7.scss", "SCSS", 0, 0, 0, 36, 0, 0, 0, 3, 39
"c:\Users\서보형\Desktop\git\pj2\pj2-front\src\pages\acc_regist\acc_regist_lv8_app\Acc_regist_lv8.js", "JavaScript", 0, 124, 0, 0, 0, 0, 12, 11, 147
"c:\Users\서보형\Desktop\git\pj2\pj2-front\src\pages\acc_regist\acc_regist_lv8_app\Acc_regist_lv8.scss", "SCSS", 0, 0, 0, 81, 0, 0, 3, 11, 95
"c:\Users\서보형\Desktop\git\pj2\pj2-front\src\pages\acc_regist\acc_regist_lv9_app\Acc_regist_lv9.js", "JavaScript", 0, 83, 0, 0, 0, 0, 12, 10, 105
"c:\Users\서보형\Desktop\git\pj2\pj2-front\src\pages\acc_regist\acc_regist_lv9_app\Acc_regist_lv9.scss", "SCSS", 0, 0, 0, 45, 0, 0, 1, 6, 52
"c:\Users\서보형\Desktop\git\pj2\pj2-front\src\pages\acc_regist\acc_regist_start\Acc_regist_start.css", "CSS", 26, 0, 0, 0, 0, 0, 0, 3, 29
"c:\Users\서보형\Desktop\git\pj2\pj2-front\src\pages\acc_regist\acc_regist_start\Acc_regist_start.js", "JavaScript", 0, 35, 0, 0, 0, 0, 4, 9, 48
"c:\Users\서보형\Desktop\git\pj2\pj2-front\src\pages\acc_regist\hook_store\business_hooks\acc_initial_business.js", "JavaScript", 0, 45, 0, 0, 0, 0, 10, 9, 64
"c:\Users\서보형\Desktop\git\pj2\pj2-front\src\pages\acc_regist\hook_store\business_hooks\acc_initial_regist_business.js", "JavaScript", 0, 41, 0, 0, 0, 0, 15, 11, 67
"c:\Users\서보형\Desktop\git\pj2\pj2-front\src\pages\acc_regist\hook_store\business_hooks\acc_regist_lv0_business.js", "JavaScript", 0, 30, 0, 0, 0, 0, 8, 6, 44
"c:\Users\서보형\Desktop\git\pj2\pj2-front\src\pages\acc_regist\hook_store\business_hooks\acc_regist_lv10_business.js", "JavaScript", 0, 90, 0, 0, 0, 0, 15, 9, 114
"c:\Users\서보형\Desktop\git\pj2\pj2-front\src\pages\acc_regist\hook_store\business_hooks\acc_regist_lv11_business.js", "JavaScript", 0, 139, 0, 0, 0, 0, 25, 17, 181
"c:\Users\서보형\Desktop\git\pj2\pj2-front\src\pages\acc_regist\hook_store\business_hooks\acc_regist_lv1_business.js", "JavaScript", 0, 42, 0, 0, 0, 0, 10, 8, 60
"c:\Users\서보형\Desktop\git\pj2\pj2-front\src\pages\acc_regist\hook_store\business_hooks\acc_regist_lv2_business.js", "JavaScript", 0, 43, 0, 0, 0, 0, 10, 8, 61
"c:\Users\서보형\Desktop\git\pj2\pj2-front\src\pages\acc_regist\hook_store\business_hooks\acc_regist_lv3_business.js", "JavaScript", 0, 38, 0, 0, 0, 0, 5, 4, 47
"c:\Users\서보형\Desktop\git\pj2\pj2-front\src\pages\acc_regist\hook_store\business_hooks\acc_regist_lv4_business.js", "JavaScript", 0, 33, 0, 0, 0, 0, 5, 5, 43
"c:\Users\서보형\Desktop\git\pj2\pj2-front\src\pages\acc_regist\hook_store\business_hooks\acc_regist_lv5_business.js", "JavaScript", 0, 99, 0, 0, 0, 0, 29, 16, 144
"c:\Users\서보형\Desktop\git\pj2\pj2-front\src\pages\acc_regist\hook_store\business_hooks\acc_regist_lv6_business.js", "JavaScript", 0, 53, 0, 0, 0, 0, 17, 10, 80
"c:\Users\서보형\Desktop\git\pj2\pj2-front\src\pages\acc_regist\hook_store\business_hooks\acc_regist_lv7_business.js", "JavaScript", 0, 35, 0, 0, 0, 0, 8, 7, 50
"c:\Users\서보형\Desktop\git\pj2\pj2-front\src\pages\acc_regist\hook_store\business_hooks\acc_regist_lv8_business.js", "JavaScript", 0, 51, 0, 0, 0, 0, 13, 7, 71
"c:\Users\서보형\Desktop\git\pj2\pj2-front\src\pages\acc_regist\hook_store\business_hooks\acc_regist_lv9_business.js", "JavaScript", 0, 50, 0, 0, 0, 0, 13, 8, 71
"c:\Users\서보형\Desktop\git\pj2\pj2-front\src\pages\acc_regist\hook_store\style_hooks\acc_regist_lv10_style.js", "JavaScript", 0, 99, 0, 0, 0, 0, 20, 18, 137
"c:\Users\서보형\Desktop\git\pj2\pj2-front\src\pages\acc_regist\hook_store\style_hooks\acc_regist_lv11_style.js", "JavaScript", 0, 13, 0, 0, 0, 0, 2, 4, 19
"c:\Users\서보형\Desktop\git\pj2\pj2-front\src\pages\acc_regist\hook_store\style_hooks\acc_regist_lv3_style.js", "JavaScript", 0, 69, 0, 0, 0, 0, 13, 7, 89
"c:\Users\서보형\Desktop\git\pj2\pj2-front\src\pages\acc_regist\hook_store\style_hooks\acc_regist_lv4_style.js", "JavaScript", 0, 31, 0, 0, 0, 0, 6, 8, 45
"c:\Users\서보형\Desktop\git\pj2\pj2-front\src\pages\acc_regist\hook_store\style_hooks\acc_regist_lv6_style.js", "JavaScript", 0, 31, 0, 0, 0, 0, 11, 7, 49
"c:\Users\서보형\Desktop\git\pj2\pj2-front\src\pages\acc_regist\hook_store\style_hooks\acc_regist_lv7_style.js", "JavaScript", 0, 31, 0, 0, 0, 0, 6, 8, 45
"c:\Users\서보형\Desktop\git\pj2\pj2-front\src\pages\acc_regist\hook_store\style_hooks\acc_regist_lv8_style.js", "JavaScript", 0, 18, 0, 0, 0, 0, 10, 6, 34
"c:\Users\서보형\Desktop\git\pj2\pj2-front\src\pages\acc_regist\hook_store\style_hooks\acc_regist_lv9_style.js", "JavaScript", 0, 18, 0, 0, 0, 0, 6, 5, 29
"c:\Users\서보형\Desktop\git\pj2\pj2-front\src\pages\detail_info\detail_info_app\app\detail_info.js", "JavaScript", 0, 97, 0, 0, 0, 0, 7, 17, 121
"c:\Users\서보형\Desktop\git\pj2\pj2-front\src\pages\detail_info\detail_info_app\app\detail_info.scss", "SCSS", 0, 0, 0, 65, 0, 0, 8, 6, 79
"c:\Users\서보형\Desktop\git\pj2\pj2-front\src\pages\detail_info\detail_info_app\sections\det_sec1\det_sec1.js", "JavaScript", 0, 49, 0, 0, 0, 0, 0, 12, 61
"c:\Users\서보형\Desktop\git\pj2\pj2-front\src\pages\detail_info\detail_info_app\sections\det_sec1\det_sec1.scss", "SCSS", 0, 0, 0, 58, 0, 0, 7, 8, 73
"c:\Users\서보형\Desktop\git\pj2\pj2-front\src\pages\detail_info\detail_info_app\sections\det_sec1\sec1_payment\sec1_payment.js", "JavaScript", 0, 127, 0, 0, 0, 0, 7, 22, 156
"c:\Users\서보형\Desktop\git\pj2\pj2-front\src\pages\detail_info\detail_info_app\sections\det_sec1\sec1_payment\sec1_payment.scss", "SCSS", 0, 0, 0, 81, 0, 0, 6, 4, 91
"c:\Users\서보형\Desktop\git\pj2\pj2-front\src\pages\detail_info\detail_info_app\sections\det_sec2\det_sec2.js", "JavaScript", 0, 17, 0, 0, 0, 0, 0, 2, 19
"c:\Users\서보형\Desktop\git\pj2\pj2-front\src\pages\detail_info\detail_info_app\sections\det_sec2\det_sec2.scss", "SCSS", 0, 0, 0, 17, 0, 0, 2, 3, 22
"c:\Users\서보형\Desktop\git\pj2\pj2-front\src\pages\detail_info\detail_info_app\sections\det_sec3\det_sec3.js", "JavaScript", 0, 52, 0, 0, 0, 0, 2, 11, 65
"c:\Users\서보형\Desktop\git\pj2\pj2-front\src\pages\detail_info\detail_info_app\sections\det_sec3\det_sec3.scss", "SCSS", 0, 0, 0, 40, 0, 0, 6, 7, 53
"c:\Users\서보형\Desktop\git\pj2\pj2-front\src\pages\detail_info\detail_info_app\sections\det_sec4\det_sec4.js", "JavaScript", 0, 79, 0, 0, 0, 0, 3, 22, 104
"c:\Users\서보형\Desktop\git\pj2\pj2-front\src\pages\detail_info\detail_info_app\sections\det_sec4\det_sec4.scss", "SCSS", 0, 0, 0, 71, 0, 0, 6, 7, 84
"c:\Users\서보형\Desktop\git\pj2\pj2-front\src\pages\detail_info\detail_info_app\sections\det_sec5\det_sec5.js", "JavaScript", 0, 18, 0, 0, 0, 0, 1, 7, 26
"c:\Users\서보형\Desktop\git\pj2\pj2-front\src\pages\detail_info\detail_info_app\sections\det_sec5\det_sec5.scss", "SCSS", 0, 0, 0, 22, 0, 0, 0, 1, 23
"c:\Users\서보형\Desktop\git\pj2\pj2-front\src\pages\detail_info\detail_info_app\sections\det_sec6\det_sec6.js", "JavaScript", 0, 24, 0, 0, 0, 0, 1, 7, 32
"c:\Users\서보형\Desktop\git\pj2\pj2-front\src\pages\detail_info\detail_info_app\sections\det_sec6\det_sec6.scss", "SCSS", 0, 0, 0, 27, 0, 0, 1, 3, 31
"c:\Users\서보형\Desktop\git\pj2\pj2-front\src\pages\detail_info\hook_store\business_hooks\det_detapp_business.js", "JavaScript", 0, 0, 0, 0, 0, 0, 0, 1, 1
"c:\Users\서보형\Desktop\git\pj2\pj2-front\src\pages\detail_info\hook_store\style_hooks\det_detapp_style.js", "JavaScript", 0, 10, 0, 0, 0, 0, 2, 5, 17
"c:\Users\서보형\Desktop\git\pj2\pj2-front\src\pages\evaluation\Evaluation.css", "CSS", 66, 0, 0, 0, 0, 0, 2, 10, 78
"c:\Users\서보형\Desktop\git\pj2\pj2-front\src\pages\evaluation\EvaluationApp.js", "JavaScript", 0, 112, 0, 0, 0, 0, 13, 26, 151
"c:\Users\서보형\Desktop\git\pj2\pj2-front\src\pages\index.js", "JavaScript", 0, 40, 0, 0, 0, 0, 18, 14, 72
"c:\Users\서보형\Desktop\git\pj2\pj2-front\src\pages\main\creator-description\Creator-description.css", "CSS", 62, 0, 0, 0, 0, 0, 3, 3, 68
"c:\Users\서보형\Desktop\git\pj2\pj2-front\src\pages\main\creator-description\Creator-description.js", "JavaScript", 0, 26, 0, 0, 0, 0, 0, 5, 31
"c:\Users\서보형\Desktop\git\pj2\pj2-front\src\pages\main\event-swiper\Event-swiper.css", "CSS", 16, 0, 0, 0, 0, 0, 1, 1, 18
"c:\Users\서보형\Desktop\git\pj2\pj2-front\src\pages\main\event-swiper\Event-swiper.js", "JavaScript", 0, 33, 0, 0, 0, 0, 0, 9, 42
"c:\Users\서보형\Desktop\git\pj2\pj2-front\src\pages\main\hook-store\business-hooks\main-business.js", "JavaScript", 0, 55, 0, 0, 0, 0, 6, 8, 69
"c:\Users\서보형\Desktop\git\pj2\pj2-front\src\pages\main\hook-store\business-hooks\main-lv1-des-business.js", "JavaScript", 0, 0, 0, 0, 0, 0, 0, 1, 1
"c:\Users\서보형\Desktop\git\pj2\pj2-front\src\pages\main\hook-store\business-hooks\main-lv2-des-business.js", "JavaScript", 0, 0, 0, 0, 0, 0, 0, 1, 1
"c:\Users\서보형\Desktop\git\pj2\pj2-front\src\pages\main\hook-store\business-hooks\main-lv3-des-business.js", "JavaScript", 0, 0, 0, 0, 0, 0, 0, 1, 1
"c:\Users\서보형\Desktop\git\pj2\pj2-front\src\pages\main\hook-store\business-hooks\main-lv4-des-business.js", "JavaScript", 0, 0, 0, 0, 0, 0, 0, 1, 1
"c:\Users\서보형\Desktop\git\pj2\pj2-front\src\pages\main\hook-store\business-hooks\main-lv5-des-business.js", "JavaScript", 0, 35, 0, 0, 0, 0, 6, 5, 46
"c:\Users\서보형\Desktop\git\pj2\pj2-front\src\pages\main\hook-store\style-hooks\main-lv1-des-style.js", "JavaScript", 0, 6, 0, 0, 0, 0, 0, 3, 9
"c:\Users\서보형\Desktop\git\pj2\pj2-front\src\pages\main\hook-store\style-hooks\main-lv2-des-style.js", "JavaScript", 0, 6, 0, 0, 0, 0, 0, 3, 9
"c:\Users\서보형\Desktop\git\pj2\pj2-front\src\pages\main\hook-store\style-hooks\main-lv3-des-style.js", "JavaScript", 0, 0, 0, 0, 0, 0, 0, 1, 1
"c:\Users\서보형\Desktop\git\pj2\pj2-front\src\pages\main\hook-store\style-hooks\main-lv4-des-style.js", "JavaScript", 0, 6, 0, 0, 0, 0, 0, 3, 9
"c:\Users\서보형\Desktop\git\pj2\pj2-front\src\pages\main\hook-store\style-hooks\main-lv5-des-style.js", "JavaScript", 0, 15, 0, 0, 0, 0, 2, 5, 22
"c:\Users\서보형\Desktop\git\pj2\pj2-front\src\pages\main\hook-store\style-hooks\main-style.js", "JavaScript", 0, 47, 0, 0, 0, 0, 2, 6, 55
"c:\Users\서보형\Desktop\git\pj2\pj2-front\src\pages\main\lv1-description\Lv1-description.css", "CSS", 42, 0, 0, 0, 0, 0, 0, 3, 45
"c:\Users\서보형\Desktop\git\pj2\pj2-front\src\pages\main\lv1-description\Lv1-description.js", "JavaScript", 0, 43, 0, 0, 0, 0, 1, 6, 50
"c:\Users\서보형\Desktop\git\pj2\pj2-front\src\pages\main\lv2-description\Lv2-description.css", "CSS", 75, 0, 0, 0, 0, 0, 2, 10, 87
"c:\Users\서보형\Desktop\git\pj2\pj2-front\src\pages\main\lv2-description\Lv2-description.js", "JavaScript", 0, 64, 0, 0, 0, 0, 1, 7, 72
"c:\Users\서보형\Desktop\git\pj2\pj2-front\src\pages\main\lv3-description\Lv3-description.css", "CSS", 60, 0, 0, 0, 0, 0, 0, 4, 64
"c:\Users\서보형\Desktop\git\pj2\pj2-front\src\pages\main\lv3-description\Lv3-description.js", "JavaScript", 0, 50, 0, 0, 0, 0, 26, 8, 84
"c:\Users\서보형\Desktop\git\pj2\pj2-front\src\pages\main\lv4-description\Lv4-description.css", "CSS", 82, 0, 0, 0, 0, 0, 4, 11, 97
"c:\Users\서보형\Desktop\git\pj2\pj2-front\src\pages\main\lv4-description\Lv4-description.js", "JavaScript", 0, 67, 0, 0, 0, 0, 1, 8, 76
"c:\Users\서보형\Desktop\git\pj2\pj2-front\src\pages\main\lv5-description\lv5-description.css", "CSS", 82, 0, 0, 0, 0, 0, 2, 11, 95
"c:\Users\서보형\Desktop\git\pj2\pj2-front\src\pages\main\lv5-description\lv5-description.js", "JavaScript", 0, 72, 0, 0, 0, 0, 1, 8, 81
"c:\Users\서보형\Desktop\git\pj2\pj2-front\src\pages\main\mainApp\MainApp.css", "CSS", 32, 0, 0, 0, 0, 0, 0, 1, 33
"c:\Users\서보형\Desktop\git\pj2\pj2-front\src\pages\main\mainApp\MainApp.js", "JavaScript", 0, 66, 0, 0, 0, 0, 13, 9, 88
"c:\Users\서보형\Desktop\git\pj2\pj2-front\src\pages\main\search-description\Search-descripton.css", "CSS", 19, 0, 0, 0, 0, 0, 1, 0, 20
"c:\Users\서보형\Desktop\git\pj2\pj2-front\src\pages\main\search-description\Search-descripton.js", "JavaScript", 0, 19, 0, 0, 0, 0, 0, 5, 24
"c:\Users\서보형\Desktop\git\pj2\pj2-front\src\pages\membership\agree_app\agree.js", "JavaScript", 0, 83, 0, 0, 0, 0, 5, 8, 96
"c:\Users\서보형\Desktop\git\pj2\pj2-front\src\pages\membership\agree_app\agree.scss", "SCSS", 0, 0, 0, 88, 0, 0, 9, 5, 102
"c:\Users\서보형\Desktop\git\pj2\pj2-front\src\pages\membership\email_prove_app\email_prove.js", "JavaScript", 0, 113, 0, 0, 0, 0, 6, 8, 127
"c:\Users\서보형\Desktop\git\pj2\pj2-front\src\pages\membership\email_prove_app\email_prove.scss", "SCSS", 0, 0, 0, 91, 0, 0, 8, 5, 104
"c:\Users\서보형\Desktop\git\pj2\pj2-front\src\pages\membership\hook-store\business-hooks\membership_complete_business.js", "JavaScript", 0, 5, 0, 0, 0, 0, 0, 5, 10
"c:\Users\서보형\Desktop\git\pj2\pj2-front\src\pages\membership\hook-store\business-hooks\membership_email_business.js", "JavaScript", 0, 80, 0, 0, 0, 0, 33, 27, 140
"c:\Users\서보형\Desktop\git\pj2\pj2-front\src\pages\membership\hook-store\business-hooks\membership_join_business.js", "JavaScript", 0, 75, 0, 0, 0, 0, 23, 19, 117
"c:\Users\서보형\Desktop\git\pj2\pj2-front\src\pages\membership\hook-store\business-hooks\membership_login_business.js", "JavaScript", 0, 40, 0, 0, 0, 0, 14, 11, 65
"c:\Users\서보형\Desktop\git\pj2\pj2-front\src\pages\membership\hook-store\business-hooks\membership_profile_business.js", "JavaScript", 0, 96, 0, 0, 0, 0, 31, 21, 148
"c:\Users\서보형\Desktop\git\pj2\pj2-front\src\pages\membership\hook-store\style-hooks\membership_agree_style.js", "JavaScript", 0, 30, 0, 0, 0, 0, 8, 7, 45
"c:\Users\서보형\Desktop\git\pj2\pj2-front\src\pages\membership\hook-store\style-hooks\membership_complete_style.js", "JavaScript", 0, 48, 0, 0, 0, 0, 8, 8, 64
"c:\Users\서보형\Desktop\git\pj2\pj2-front\src\pages\membership\join_app\join.js", "JavaScript", 0, 103, 0, 0, 0, 0, 5, 9, 117
"c:\Users\서보형\Desktop\git\pj2\pj2-front\src\pages\membership\join_app\join.scss", "SCSS", 0, 0, 0, 75, 0, 0, 8, 5, 88
"c:\Users\서보형\Desktop\git\pj2\pj2-front\src\pages\membership\join_complete_app\join_complete.js", "JavaScript", 0, 35, 0, 0, 0, 0, 4, 6, 45
"c:\Users\서보형\Desktop\git\pj2\pj2-front\src\pages\membership\join_complete_app\join_complete.scss", "SCSS", 0, 0, 0, 39, 0, 0, 0, 2, 41
"c:\Users\서보형\Desktop\git\pj2\pj2-front\src\pages\membership\login_app\login.js", "JavaScript", 0, 59, 0, 0, 0, 0, 5, 10, 74
"c:\Users\서보형\Desktop\git\pj2\pj2-front\src\pages\membership\login_app\login.scss", "SCSS", 0, 0, 0, 67, 0, 0, 12, 6, 85
"c:\Users\서보형\Desktop\git\pj2\pj2-front\src\pages\membership\profile_app\profile.js", "JavaScript", 0, 158, 0, 0, 0, 0, 8, 11, 177
"c:\Users\서보형\Desktop\git\pj2\pj2-front\src\pages\membership\profile_app\profile.scss", "SCSS", 0, 0, 0, 130, 0, 0, 10, 8, 148
"c:\Users\서보형\Desktop\git\pj2\pj2-front\src\pages\reservation\res-con\res-con-payment\Res-con-payment.css", "CSS", 56, 0, 0, 0, 0, 0, 4, 4, 64
"c:\Users\서보형\Desktop\git\pj2\pj2-front\src\pages\reservation\res-con\res-con-payment\Res-con-payment.js", "JavaScript", 0, 37, 0, 0, 0, 0, 0, 5, 42
"c:\Users\서보형\Desktop\git\pj2\pj2-front\src\pages\reservation\res-con\res-con-sec1\Res-con-sec1.css", "CSS", 97, 0, 0, 0, 0, 0, 6, 4, 107
"c:\Users\서보형\Desktop\git\pj2\pj2-front\src\pages\reservation\res-con\res-con-sec1\Res-con-sec1.js", "JavaScript", 0, 79, 0, 0, 0, 0, 1, 11, 91
"c:\Users\서보형\Desktop\git\pj2\pj2-front\src\pages\reservation\reservationApp\ReservationApp.css", "CSS", 25, 0, 0, 0, 0, 0, 2, 0, 27
"c:\Users\서보형\Desktop\git\pj2\pj2-front\src\pages\reservation\reservationApp\ReservationApp.js", "JavaScript", 0, 31, 0, 0, 0, 0, 1, 12, 44
"c:\Users\서보형\Desktop\git\pj2\pj2-front\src\pages\sub\hook-store\business-hooks\sub-subApp-business.js", "JavaScript", 0, 73, 0, 0, 0, 0, 19, 12, 104
"c:\Users\서보형\Desktop\git\pj2\pj2-front\src\pages\sub\hook-store\business-hooks\sub-subList-business.js", "JavaScript", 0, 7, 0, 0, 0, 0, 1, 12, 20
"c:\Users\서보형\Desktop\git\pj2\pj2-front\src\pages\sub\hook-store\style-hooks\sub-subApp-style.js", "JavaScript", 0, 4, 0, 0, 0, 0, 0, 2, 6
"c:\Users\서보형\Desktop\git\pj2\pj2-front\src\pages\sub\hook-store\style-hooks\sub-subList-style.js", "JavaScript", 0, 42, 0, 0, 0, 0, 16, 19, 77
"c:\Users\서보형\Desktop\git\pj2\pj2-front\src\pages\sub\subApp\SubApp.css", "CSS", 44, 0, 0, 0, 0, 0, 2, 2, 48
"c:\Users\서보형\Desktop\git\pj2\pj2-front\src\pages\sub\subApp\SubApp.js", "JavaScript", 0, 81, 0, 0, 0, 0, 9, 11, 101
"c:\Users\서보형\Desktop\git\pj2\pj2-front\src\pages\sub\subList\SubList.css", "CSS", 36, 0, 0, 0, 0, 0, 3, 0, 39
"c:\Users\서보형\Desktop\git\pj2\pj2-front\src\pages\sub\subList\SubList.js", "JavaScript", 0, 136, 0, 0, 0, 0, 12, 16, 164
"c:\Users\서보형\Desktop\git\pj2\pj2-front\src\pages\terms\creatorIntro\Terms_creator.css", "CSS", 55, 0, 0, 0, 0, 0, 3, 4, 62
"c:\Users\서보형\Desktop\git\pj2\pj2-front\src\pages\terms\creatorIntro\Terms_creator.js", "JavaScript", 0, 58, 0, 0, 0, 0, 0, 11, 69
"c:\Users\서보형\Desktop\git\pj2\pj2-front\src\pages\terms\hostTerms\Terms_host.css", "CSS", 41, 0, 0, 0, 0, 0, 2, 2, 45
"c:\Users\서보형\Desktop\git\pj2\pj2-front\src\pages\terms\hostTerms\Terms_host.js", "JavaScript", 0, 59, 0, 0, 0, 0, 2, 15, 76
"c:\Users\서보형\Desktop\git\pj2\pj2-front\src\pages\terms\pageDevelope\Terms_develope.css", "CSS", 24, 0, 0, 0, 0, 0, 1, 1, 26
"c:\Users\서보형\Desktop\git\pj2\pj2-front\src\pages\terms\pageDevelope\Terms_develope.js", "JavaScript", 0, 27, 0, 0, 0, 0, 0, 11, 38
"c:\Users\서보형\Desktop\git\pj2\pj2-front\src\pages\terms\referToSite\Terms_refertosite.css", "CSS", 33, 0, 0, 0, 0, 0, 2, 2, 37
"c:\Users\서보형\Desktop\git\pj2\pj2-front\src\pages\terms\referToSite\Terms_refertosite.js", "JavaScript", 0, 46, 0, 0, 0, 0, 0, 11, 57
"c:\Users\서보형\Desktop\git\pj2\pj2-front\src\pages\terms\serviceTerms\Terms_homepage.css", "CSS", 41, 0, 0, 0, 0, 0, 2, 2, 45
"c:\Users\서보형\Desktop\git\pj2\pj2-front\src\pages\terms\serviceTerms\Terms_homepage.js", "JavaScript", 0, 59, 0, 0, 0, 0, 2, 17, 78
"c:\Users\서보형\Desktop\git\pj2\pj2-front\src\pages\terms\usingLibrary\Terms_library.css", "CSS", 39, 0, 0, 0, 0, 0, 2, 2, 43
"c:\Users\서보형\Desktop\git\pj2\pj2-front\src\pages\terms\usingLibrary\Terms_library.js", "JavaScript", 0, 57, 0, 0, 0, 0, 0, 9, 66
"c:\Users\서보형\Desktop\git\pj2\pj2-front\src\picture\hazy-img\hazy-img.css", "CSS", 7, 0, 0, 0, 0, 0, 0, 1, 8
"c:\Users\서보형\Desktop\git\pj2\pj2-front\src\picture\hazy-img\hazy-img.js", "JavaScript", 0, 11, 0, 0, 0, 0, 1, 5, 17
"c:\Users\서보형\Desktop\git\pj2\pj2-front\src\picture\history-main\History-main.css", "CSS", 8, 0, 0, 0, 0, 0, 0, 0, 8
"c:\Users\서보형\Desktop\git\pj2\pj2-front\src\picture\history-main\History-main.js", "JavaScript", 0, 8, 0, 0, 0, 0, 0, 4, 12
"c:\Users\서보형\Desktop\git\pj2\pj2-front\src\picture\original_img\original_img.js", "JavaScript", 0, 14, 0, 0, 0, 0, 1, 4, 19
"c:\Users\서보형\Desktop\git\pj2\pj2-front\src\picture\original_img\original_img.scss", "SCSS", 0, 0, 0, 13, 0, 0, 0, 1, 14
"c:\Users\서보형\Desktop\git\pj2\pj2-front\src\picture\pastel-img\pastel-img.css", "CSS", 18, 0, 0, 0, 0, 0, 0, 0, 18
"c:\Users\서보형\Desktop\git\pj2\pj2-front\src\picture\pastel-img\pastel-img.js", "JavaScript", 0, 12, 0, 0, 0, 0, 1, 5, 18
"c:\Users\서보형\Desktop\git\pj2\pj2-front\src\picture\static-img\static-img.css", "CSS", 10, 0, 0, 0, 0, 0, 0, 0, 10
"c:\Users\서보형\Desktop\git\pj2\pj2-front\src\picture\static-img\static-img.js", "JavaScript", 0, 11, 0, 0, 0, 0, 1, 5, 17
"c:\Users\서보형\Desktop\git\pj2\pj2-front\src\redux\config\configStore.js", "JavaScript", 0, 17, 0, 0, 0, 0, 6, 6, 29
"c:\Users\서보형\Desktop\git\pj2\pj2-front\src\redux\modules\listhoverSlice.js", "JavaScript", 0, 23, 0, 0, 0, 0, 5, 5, 33
"c:\Users\서보형\Desktop\git\pj2\pj2-front\src\redux\modules\mapSlice.js", "JavaScript", 0, 27, 0, 0, 0, 0, 6, 6, 39
"c:\Users\서보형\Desktop\git\pj2\pj2-front\src\redux\modules\modaldataSlice.js", "JavaScript", 0, 63, 0, 0, 0, 0, 10, 8, 81
"c:\Users\서보형\Desktop\git\pj2\pj2-front\src\redux\modules\overaySlice.js", "JavaScript", 0, 17, 0, 0, 0, 0, 4, 3, 24
"c:\Users\서보형\Desktop\git\pj2\pj2-front\src\redux\modules\searchSlice.js", "JavaScript", 0, 14, 0, 0, 0, 0, 2, 3, 19
"c:\Users\서보형\Desktop\git\pj2\pj2-front\src\router\conditional_router\conditional_router.js", "JavaScript", 0, 31, 0, 0, 0, 0, 3, 5, 39
"c:\Users\서보형\Desktop\git\pj2\pj2-front\src\router\parameter_router\parameter_router.js", "JavaScript", 0, 54, 0, 0, 0, 0, 19, 11, 84
"c:\Users\서보형\Desktop\git\pj2\pj2-front\src\router\private_router\private_router.js", "JavaScript", 0, 29, 0, 0, 0, 0, 1, 6, 36
"c:\Users\서보형\Desktop\git\pj2\pj2-front\src\sessionStorage\session_storage.js", "JavaScript", 0, 45, 0, 0, 0, 0, 6, 7, 58
"c:\Users\서보형\Desktop\git\pj2\pj2-front\src\utilComponent\Button\booleanBtn\BooleanBtn.css", "CSS", 15, 0, 0, 0, 0, 0, 0, 2, 17
"c:\Users\서보형\Desktop\git\pj2\pj2-front\src\utilComponent\Button\booleanBtn\BooleanBtn.js", "JavaScript", 0, 14, 0, 0, 0, 0, 8, 4, 26
"c:\Users\서보형\Desktop\git\pj2\pj2-front\src\utilComponent\Button\checkBtn\CheckBtn.css", "CSS", 13, 0, 0, 0, 0, 0, 0, 0, 13
"c:\Users\서보형\Desktop\git\pj2\pj2-front\src\utilComponent\Button\checkBtn\CheckBtn.js", "JavaScript", 0, 47, 0, 0, 0, 0, 6, 9, 62
"c:\Users\서보형\Desktop\git\pj2\pj2-front\src\utilComponent\Button\filterBtn\FilterBtn.css", "CSS", 15, 0, 0, 0, 0, 0, 0, 1, 16
"c:\Users\서보형\Desktop\git\pj2\pj2-front\src\utilComponent\Button\filterBtn\FilterBtn.js", "JavaScript", 0, 21, 0, 0, 0, 0, 6, 8, 35
"c:\Users\서보형\Desktop\git\pj2\pj2-front\src\utilComponent\Button\hook-store\business-hooks\button-checkbtn-bunisess.js", "JavaScript", 0, 41, 0, 0, 0, 0, 23, 16, 80
"c:\Users\서보형\Desktop\git\pj2\pj2-front\src\utilComponent\Button\hook-store\business-hooks\button-filterbtn-business.js", "JavaScript", 0, 33, 0, 0, 0, 0, 10, 10, 53
"c:\Users\서보형\Desktop\git\pj2\pj2-front\src\utilComponent\Button\hook-store\business-hooks\button-pricebtn-business.js", "JavaScript", 0, 138, 0, 0, 0, 0, 41, 43, 222
"c:\Users\서보형\Desktop\git\pj2\pj2-front\src\utilComponent\Button\hook-store\business-hooks\button_linkbtn_business.js", "JavaScript", 0, 42, 0, 0, 0, 0, 13, 6, 61
"c:\Users\서보형\Desktop\git\pj2\pj2-front\src\utilComponent\Button\hook-store\style-hooks\button-checkbtn-style.js", "JavaScript", 0, 27, 0, 0, 0, 0, 3, 6, 36
"c:\Users\서보형\Desktop\git\pj2\pj2-front\src\utilComponent\Button\hook-store\style-hooks\button-filterbtn-style.js", "JavaScript", 0, 4, 0, 0, 0, 0, 0, 2, 6
"c:\Users\서보형\Desktop\git\pj2\pj2-front\src\utilComponent\Button\hook-store\style-hooks\button-pricebtn-style.js", "JavaScript", 0, 4, 0, 0, 0, 0, 0, 2, 6
"c:\Users\서보형\Desktop\git\pj2\pj2-front\src\utilComponent\Button\hook-store\style-hooks\button_linkbtn_style.js", "JavaScript", 0, 22, 0, 0, 0, 0, 3, 2, 27
"c:\Users\서보형\Desktop\git\pj2\pj2-front\src\utilComponent\Button\link_btn\link_btn.js", "JavaScript", 0, 23, 0, 0, 0, 0, 4, 3, 30
"c:\Users\서보형\Desktop\git\pj2\pj2-front\src\utilComponent\Button\link_btn\link_btn.scss", "SCSS", 0, 0, 0, 7, 0, 0, 0, 1, 8
"c:\Users\서보형\Desktop\git\pj2\pj2-front\src\utilComponent\Button\mainBtn\MainBtn.css", "CSS", 11, 0, 0, 0, 0, 0, 0, 1, 12
"c:\Users\서보형\Desktop\git\pj2\pj2-front\src\utilComponent\Button\mainBtn\MainBtn.js", "JavaScript", 0, 14, 0, 0, 0, 0, 0, 3, 17
"c:\Users\서보형\Desktop\git\pj2\pj2-front\src\utilComponent\Button\priceBtn\PriceBtn.css", "CSS", 33, 0, 0, 0, 0, 0, 2, 6, 41
"c:\Users\서보형\Desktop\git\pj2\pj2-front\src\utilComponent\Button\priceBtn\PriceBtn.js", "JavaScript", 0, 71, 0, 0, 0, 0, 13, 12, 96
"c:\Users\서보형\Desktop\git\pj2\pj2-front\src\utilComponent\Button\slideBtn\Lslide-btn\Lslide_btn.css", "CSS", 15, 0, 0, 0, 0, 0, 0, 3, 18
"c:\Users\서보형\Desktop\git\pj2\pj2-front\src\utilComponent\Button\slideBtn\Lslide-btn\Lslide_btn.js", "JavaScript", 0, 13, 0, 0, 0, 0, 0, 1, 14
"c:\Users\서보형\Desktop\git\pj2\pj2-front\src\utilComponent\Button\slideBtn\Rslide-btn\Rslide_btn.css", "CSS", 15, 0, 0, 0, 0, 0, 0, 4, 19
"c:\Users\서보형\Desktop\git\pj2\pj2-front\src\utilComponent\Button\slideBtn\Rslide-btn\Rslide_btn.js", "JavaScript", 0, 13, 0, 0, 0, 0, 1, 1, 15
"c:\Users\서보형\Desktop\git\pj2\pj2-front\src\utilComponent\material\card\card.css", "CSS", 80, 0, 0, 0, 0, 0, 5, 7, 92
"c:\Users\서보형\Desktop\git\pj2\pj2-front\src\utilComponent\material\card\card.js", "JavaScript", 0, 60, 0, 0, 0, 0, 7, 11, 78
"c:\Users\서보형\Desktop\git\pj2\pj2-front\src\utilComponent\material\congratulation\congratulation.js", "JavaScript", 0, 25, 0, 0, 0, 0, 6, 6, 37
"c:\Users\서보형\Desktop\git\pj2\pj2-front\src\utilComponent\material\congratulation\congratulation.scss", "SCSS", 0, 0, 0, 28, 0, 0, 0, 2, 30
"c:\Users\서보형\Desktop\git\pj2\pj2-front\src\utilComponent\material\dropdown\dropdown.css", "CSS", 48, 0, 0, 0, 0, 0, 6, 10, 64
"c:\Users\서보형\Desktop\git\pj2\pj2-front\src\utilComponent\material\dropdown\dropdown.js", "JavaScript", 0, 57, 0, 0, 0, 0, 7, 8, 72
"c:\Users\서보형\Desktop\git\pj2\pj2-front\src\utilComponent\material\hook-store\business-hooks\material-card-business.js", "JavaScript", 0, 4, 0, 0, 0, 0, 0, 3, 7
"c:\Users\서보형\Desktop\git\pj2\pj2-front\src\utilComponent\material\hook-store\business-hooks\material-dropdown-business.js", "JavaScript", 0, 25, 0, 0, 0, 0, 3, 10, 38
"c:\Users\서보형\Desktop\git\pj2\pj2-front\src\utilComponent\material\hook-store\business-hooks\material-kakaomap-business.js", "JavaScript", 0, 99, 0, 0, 0, 0, 27, 25, 151
"c:\Users\서보형\Desktop\git\pj2\pj2-front\src\utilComponent\material\hook-store\style-hooks\material-card-style.js", "JavaScript", 0, 45, 0, 0, 0, 0, 11, 12, 68
"c:\Users\서보형\Desktop\git\pj2\pj2-front\src\utilComponent\material\hook-store\style-hooks\material-dropdown-style.js", "JavaScript", 0, 12, 0, 0, 0, 0, 2, 7, 21
"c:\Users\서보형\Desktop\git\pj2\pj2-front\src\utilComponent\material\hook-store\style-hooks\material_congratulation_style.js", "JavaScript", 0, 15, 0, 0, 0, 0, 2, 5, 22
"c:\Users\서보형\Desktop\git\pj2\pj2-front\src\utilComponent\material\hook-store\style-hooks\material_loading_style.js", "JavaScript", 0, 4, 0, 0, 0, 0, 0, 2, 6
"c:\Users\서보형\Desktop\git\pj2\pj2-front\src\utilComponent\material\kakaomap\Kakaomap.js", "JavaScript", 0, 22, 0, 0, 0, 0, 6, 5, 33
"c:\Users\서보형\Desktop\git\pj2\pj2-front\src\utilComponent\material\kakaomap\Kakaomap.scss", "SCSS", 0, 0, 0, 8, 0, 0, 0, 0, 8
"c:\Users\서보형\Desktop\git\pj2\pj2-front\src\utilComponent\material\loading\loading.js", "JavaScript", 0, 44, 0, 0, 0, 0, 0, 5, 49
"c:\Users\서보형\Desktop\git\pj2\pj2-front\src\utilComponent\material\loading\loading.scss", "SCSS", 0, 0, 0, 47, 0, 0, 6, 2, 55
"c:\Users\서보형\Desktop\git\pj2\pj2-front\src\utilComponent\menu\footer\Footer.css", "CSS", 61, 0, 0, 0, 0, 0, 5, 6, 72
"c:\Users\서보형\Desktop\git\pj2\pj2-front\src\utilComponent\menu\footer\Footer.js", "JavaScript", 0, 59, 0, 0, 0, 0, 0, 7, 66
"c:\Users\서보형\Desktop\git\pj2\pj2-front\src\utilComponent\menu\hook-store\business-hooks\menu-main-business.js", "JavaScript", 0, 31, 0, 0, 0, 0, 8, 9, 48
"c:\Users\서보형\Desktop\git\pj2\pj2-front\src\utilComponent\menu\hook-store\business-hooks\menu-search-business.js", "JavaScript", 0, 41, 0, 0, 0, 0, 18, 19, 78
"c:\Users\서보형\Desktop\git\pj2\pj2-front\src\utilComponent\menu\hook-store\business-hooks\menu-side-business.js", "JavaScript", 0, 11, 0, 0, 0, 0, 2, 3, 16
"c:\Users\서보형\Desktop\git\pj2\pj2-front\src\utilComponent\menu\hook-store\business-hooks\menu_hostfooter_business.js", "JavaScript", 0, 28, 0, 0, 0, 0, 10, 8, 46
"c:\Users\서보형\Desktop\git\pj2\pj2-front\src\utilComponent\menu\hook-store\style-hooks\menu-main-style.js", "JavaScript", 0, 4, 0, 0, 0, 0, 0, 3, 7
"c:\Users\서보형\Desktop\git\pj2\pj2-front\src\utilComponent\menu\hook-store\style-hooks\menu-search-style.js", "JavaScript", 0, 18, 0, 0, 0, 0, 3, 7, 28
"c:\Users\서보형\Desktop\git\pj2\pj2-front\src\utilComponent\menu\hook-store\style-hooks\menu-side-style.js", "JavaScript", 0, 16, 0, 0, 0, 0, 4, 7, 27
"c:\Users\서보형\Desktop\git\pj2\pj2-front\src\utilComponent\menu\host-footer\Host-footer.js", "JavaScript", 0, 45, 0, 0, 0, 0, 11, 7, 63
"c:\Users\서보형\Desktop\git\pj2\pj2-front\src\utilComponent\menu\host-footer\host_footer.scss", "SCSS", 0, 0, 0, 20, 0, 0, 0, 1, 21
"c:\Users\서보형\Desktop\git\pj2\pj2-front\src\utilComponent\menu\main-menu\main-menu.css", "CSS", 88, 0, 0, 0, 0, 0, 6, 10, 104
"c:\Users\서보형\Desktop\git\pj2\pj2-front\src\utilComponent\menu\main-menu\main-menu.js", "JavaScript", 0, 74, 0, 0, 0, 0, 10, 17, 101
"c:\Users\서보형\Desktop\git\pj2\pj2-front\src\utilComponent\menu\pri-side-menu\Pri-side-menu.css", "CSS", 15, 0, 0, 0, 0, 0, 1, 1, 17
"c:\Users\서보형\Desktop\git\pj2\pj2-front\src\utilComponent\menu\pri-side-menu\Pri-side-menu.js", "JavaScript", 0, 23, 0, 0, 0, 0, 1, 8, 32
"c:\Users\서보형\Desktop\git\pj2\pj2-front\src\utilComponent\menu\search-menu\search-menu.css", "CSS", 66, 0, 0, 0, 0, 0, 2, 6, 74
"c:\Users\서보형\Desktop\git\pj2\pj2-front\src\utilComponent\menu\search-menu\search-menu.js", "JavaScript", 0, 33, 0, 0, 0, 0, 1, 4, 38
"c:\Users\서보형\Desktop\git\pj2\pj2-front\src\utilComponent\menu\search-menu\search\Search.css", "CSS", 147, 0, 0, 0, 0, 0, 6, 15, 168
"c:\Users\서보형\Desktop\git\pj2\pj2-front\src\utilComponent\menu\search-menu\search\Search.js", "JavaScript", 0, 132, 0, 0, 0, 0, 9, 17, 158
"c:\Users\서보형\Desktop\git\pj2\pj2-front\src\utilComponent\menu\side-menu\side-menu.css", "CSS", 67, 0, 0, 0, 0, 0, 0, 6, 73
"c:\Users\서보형\Desktop\git\pj2\pj2-front\src\utilComponent\menu\side-menu\side-menu.js", "JavaScript", 0, 83, 0, 0, 0, 0, 7, 18, 108
"c:\Users\서보형\Desktop\git\pj2\pj2-front\src\utilComponent\modal\authModal\AuthModal.css", "CSS", 46, 0, 0, 0, 0, 0, 2, 3, 51
"c:\Users\서보형\Desktop\git\pj2\pj2-front\src\utilComponent\modal\authModal\AuthModal.js", "JavaScript", 0, 65, 0, 0, 0, 0, 0, 13, 78
"c:\Users\서보형\Desktop\git\pj2\pj2-front\src\utilComponent\modal\evaluModal\EvaluModal.css", "CSS", 71, 0, 0, 0, 0, 0, 2, 6, 79
"c:\Users\서보형\Desktop\git\pj2\pj2-front\src\utilComponent\modal\evaluModal\EvaluModal.js", "JavaScript", 0, 60, 0, 0, 0, 0, 6, 15, 81
"c:\Users\서보형\Desktop\git\pj2\pj2-front\src\utilComponent\modal\evaluModal\evalu_star\Evalu_star.css", "CSS", 19, 0, 0, 0, 0, 0, 1, 2, 22
"c:\Users\서보형\Desktop\git\pj2\pj2-front\src\utilComponent\modal\evaluModal\evalu_star\Evalu_star.js", "JavaScript", 0, 27, 0, 0, 0, 0, 4, 8, 39
"c:\Users\서보형\Desktop\git\pj2\pj2-front\src\utilComponent\modal\hook-store\business-hooks\modal-mapmodal-business.js", "JavaScript", 0, 38, 0, 0, 0, 0, 8, 8, 54
"c:\Users\서보형\Desktop\git\pj2\pj2-front\src\utilComponent\modal\hook-store\business-hooks\modal_img_regist_modal_business.js", "JavaScript", 0, 17, 0, 0, 0, 0, 11, 7, 35
"c:\Users\서보형\Desktop\git\pj2\pj2-front\src\utilComponent\modal\hook-store\style-hooks\modal-mapmodal-style.js", "JavaScript", 0, 39, 0, 0, 0, 0, 10, 12, 61
"c:\Users\서보형\Desktop\git\pj2\pj2-front\src\utilComponent\modal\hook-store\style-hooks\modal-overay-style.js", "JavaScript", 0, 22, 0, 0, 0, 0, 5, 7, 34
"c:\Users\서보형\Desktop\git\pj2\pj2-front\src\utilComponent\modal\hook-store\style-hooks\modal_img_regist_modal_style.js", "JavaScript", 0, 44, 0, 0, 0, 0, 17, 11, 72
"c:\Users\서보형\Desktop\git\pj2\pj2-front\src\utilComponent\modal\hook-store\style-hooks\modal_imgdismodal_style.js", "JavaScript", 0, 18, 0, 0, 0, 0, 4, 10, 32
"c:\Users\서보형\Desktop\git\pj2\pj2-front\src\utilComponent\modal\hostTextModal\HostTextModal.css", "CSS", 46, 0, 0, 0, 0, 0, 3, 3, 52
"c:\Users\서보형\Desktop\git\pj2\pj2-front\src\utilComponent\modal\hostTextModal\HostTextModal.js", "JavaScript", 0, 49, 0, 0, 0, 0, 2, 15, 66
"c:\Users\서보형\Desktop\git\pj2\pj2-front\src\utilComponent\modal\img_dis_modal\img_dis_modal.js", "JavaScript", 0, 89, 0, 0, 0, 0, 7, 8, 104
"c:\Users\서보형\Desktop\git\pj2\pj2-front\src\utilComponent\modal\img_dis_modal\img_dis_modal.scss", "SCSS", 0, 0, 0, 69, 0, 0, 5, 9, 83
"c:\Users\서보형\Desktop\git\pj2\pj2-front\src\utilComponent\modal\img_regist_modal\img_regist_modal.js", "JavaScript", 0, 108, 0, 0, 0, 0, 12, 11, 131
"c:\Users\서보형\Desktop\git\pj2\pj2-front\src\utilComponent\modal\img_regist_modal\img_regist_modal.scss", "SCSS", 0, 0, 0, 75, 0, 0, 6, 11, 92
"c:\Users\서보형\Desktop\git\pj2\pj2-front\src\utilComponent\modal\logModal\LogModal.css", "CSS", 24, 0, 0, 0, 0, 0, 0, 2, 26
"c:\Users\서보형\Desktop\git\pj2\pj2-front\src\utilComponent\modal\logModal\LogModal.js", "JavaScript", 0, 33, 0, 0, 0, 0, 1, 6, 40
"c:\Users\서보형\Desktop\git\pj2\pj2-front\src\utilComponent\modal\mapModal\map-modal.js", "JavaScript", 0, 74, 0, 0, 0, 0, 8, 11, 93
"c:\Users\서보형\Desktop\git\pj2\pj2-front\src\utilComponent\modal\mapModal\map-modal.scss", "SCSS", 0, 0, 0, 73, 0, 0, 11, 3, 87
"c:\Users\서보형\Desktop\git\pj2\pj2-front\src\utilComponent\modal\overay\overay.js", "JavaScript", 0, 22, 0, 0, 0, 0, 6, 5, 33
"c:\Users\서보형\Desktop\git\pj2\pj2-front\src\utilComponent\modal\overay\overay.scss", "SCSS", 0, 0, 0, 9, 0, 0, 1, 1, 11
"c:\Users\서보형\Desktop\git\pj2\pj2-front\src\utilComponent\modal\replyModal\ReplyModal.css", "CSS", 32, 0, 0, 0, 0, 0, 2, 4, 38
"c:\Users\서보형\Desktop\git\pj2\pj2-front\src\utilComponent\modal\replyModal\ReplyModal.js", "JavaScript", 0, 22, 0, 0, 0, 0, 1, 13, 36
"c:\Users\서보형\Desktop\git\pj2\pj2-front\src\utilData\UtilFunction.js", "JavaScript", 0, 237, 0, 0, 0, 0, 48, 41, 326
"c:\Users\서보형\Desktop\git\pj2\pj2-front\src\utilData\dateCalendar\DateCalendar.css", "CSS", 49, 0, 0, 0, 0, 0, 3, 6, 58
"c:\Users\서보형\Desktop\git\pj2\pj2-front\src\utilData\dateCalendar\DateCalendar.js", "JavaScript", 0, 67, 0, 0, 0, 0, 5, 16, 88
"c:\Users\서보형\Desktop\git\pj2\pj2-front\src\utilData\dateCalendar\dates\CalendarDay.js", "JavaScript", 0, 39, 0, 0, 0, 0, 1, 9, 49
"c:\Users\서보형\Desktop\git\pj2\pj2-front\src\utilData\defaultData.js", "JavaScript", 0, 382, 0, 0, 0, 0, 56, 35, 473
"c:\Users\서보형\Desktop\git\pj2\pj2-front\src\utilData\slice\Slice.css", "CSS", 20, 0, 0, 0, 0, 0, 1, 1, 22
"c:\Users\서보형\Desktop\git\pj2\pj2-front\src\utilData\slice\Slice.js", "JavaScript", 0, 17, 0, 0, 0, 0, 1, 8, 26
"c:\Users\서보형\Desktop\git\pj2\pj2-front\src\utilData\userImg\UserImg.css", "CSS", 30, 0, 0, 0, 0, 0, 4, 1, 35
"c:\Users\서보형\Desktop\git\pj2\pj2-front\src\utilData\userImg\UserImg.js", "JavaScript", 0, 29, 0, 0, 0, 0, 1, 4, 34
"c:\Users\서보형\Desktop\git\pj2\pj2-front\src\utilData\utilHook.js", "JavaScript", 0, 101, 0, 0, 0, 0, 12, 11, 124
"Total", "-", 2483, 9901, 304, 2602, 20182, 21, 1698, 2311, 39502